#{"t_start": 1593536143.4444406, "env_id": "NovelGridworld-v3"}
r,l,t
56,21,1.698026
42,15,1.75498
66,20,1.826938
25,32,1.919887
74,12,1.956862
